Артикул;Категория;Наименование;Цена;Остаток
С-3246;02. Праздник / Свечи для торта;Свеча для торта Фейерверк, 1 шт.;85.0;682
ВУР-53171;01. Упаковка / Пакеты полиэтиленовые;Пакет полиэтиленовый петлевой Ажур 40х50 см / 70 мкм;9.3;3198
НБ-2146;01. Упаковка / Наполнители;Наполнитель бумажный Интенсив зеленый, 100 г, ширина 2 мм;96;307
ТМ-2884;03. Праздник / Сервировка стола;Бумажные тарелки Крафт без рисунка, 18 см, 10 шт.;44.0;372
ТМ-3004;03. Праздник / Сервировка стола;Бумажные тарелки Новогодняя ночь, 23 см, 6 шт.;55.0;71
ТМ-2285;03. Праздник / Сервировка стола;Бумажные тарелки Динозавры, 23 см, 6 шт.;55.0;825
ППК-2639;01. Упаковка / Пакеты подарочные;Optima Пакет подарочный глянц.лам. 11,5х14,5х6 см (S) Гоночная машина, 128г;27.3;833
ППК-2097;01. Упаковка / Пакеты подарочные;Dream Cards Пакет подарочный глянц.лам. 22х31х10 см (ML) Яркий леопард, 157г;52.5;1429
С-2932;02. Праздник / Свечи для торта;Свечи для торта на пиках Динозавры, 5 шт.;39.5;815
ТМ-2021;03. Праздник / Сервировка стола;Бумажные тарелки Звери на шариках, 18 см, 6 шт., флоупак;47.0;725
ВУР-57704;01. Упаковка / Пакеты полиэтиленовые;Пакет полиэтиленовый петлевой Черный матовый 40х50 см / 90 мкм;15.9;561
ВУР-55005;01. Упаковка / Пакеты полиэтиленовые;Пакет полиэтиленовый майка Без рисунка 30х55 см / 18 мкм;8.2;479
ТМ-4326;03. Праздник / Сервировка стола;Скатерть полиэтиленовая Динозавры, 130х180 см;95.0;693
БУ-1034;01. Упаковка / Бумага упаковочная;Бумага упаковочная Золотые точки 70х100 см, 1 лист;23.7;1798
ДК-729;03. Праздник / Декор;Гирлянда бумажная помпоны розовые, 3 м;180.0;476
ТМ-3184;03. Праздник / Сервировка стола;Стаканы бумажные Звери на шариках, 250 мл, 6 шт.;42.0;338
ТМ-3862;03. Праздник / Сервировка стола;Салфетки бумажные Единорог, 33х33 см, 20 шт.;60.0;334
ТМ-2432;03. Праздник / Сервировка стола;Бумажные тарелки Футбол, 18 см, 6 шт.;47.0;703
ТМ-4535;03. Праздник / Сервировка стола;Трубочки бумажные Золотая полоса, 25 шт.;65.0;308
ППК-2602;01. Упаковка / Пакеты подарочные;Dream Cards Пакет подарочный мат.лам. 11,5х14,5х6 см (S) Совушки, 190г;24.5;570
ЛН-333;01. Упаковка / Ленты и банты;Лента атласная золотая 2,5 см х 25 м;37.5;862
ВУР-53542;01. Упаковка / Пакеты полиэтиленовые;Пакет полиэтиленовый вырубной Розы 30х40 см / 50 мкм;17.0;3727
ШВ-11261;03. Праздник / Воздушные шары;Шар фольгированный Цифра 5 серебро, 86 см;165.0;571
КОР-8346;01. Упаковка / Коробки;Набор коробок 10 в 1 прямоугольные с тиснением Крафт без рисунка;480;252
ТМ-4060;03. Праздник / Сервировка стола;Салфетки бумажные Золотые точки, 33х33 см, 20 шт.;62.0;567
ТМ-2142;03. Праздник / Сервировка стола;Бумажные тарелки Единорог, 18 см, 6 шт.;49.0;1
ЛН-479;01. Упаковка / Ленты и банты;Бант подарочный серебряный 10 см;90.6;2830
ШВ-10309;03. Праздник / Воздушные шары;Шары латексные пастель розовые, 30 см (100 шт/уп);320.0;466
ШВ-12458;03. Праздник / Воздушные шары;Шар фольгированный Единорог фигура, 90 см;210.0;56
ТМ-4380;03. Праздник / Сервировка стола;Скатерть полиэтиленовая золотая, 130х180 см;88.0;630
ЗСС-0247;05. Открытки / Конверты для денег;Конверт для денег «С 8 Марта» тюльпаны;18.0;960
НУ-11045;04. Новый год / Гирлянды;MiLED Гирлянда-нить «Роса» 2 м, 20 ламп, теплый белый, на батарейках;130.0;398
ППК-2426;01. Упаковка / Пакеты подарочные;Dream Cards Пакет подарочный глянц.лам., глиттер 32,4х44,5х10,2 см (XL) Единорог, 157г;75.5;1393
ППК-2513;01. Упаковка / Пакеты подарочные;Optima Пакет подарочный мат.лам., фольга 22х31х10 см (ML) Золотые полосы, 190г;54.0;629
ЗСС-0310;05. Открытки / Конверты для денег;Конверт для денег «На новоселье» домик;18.0;947
ОТ-1191;05. Открытки / Поздравительные;Открытка «Спасибо» минимализм, А6;25.0;797
ППК-2781;01. Упаковка / Пакеты подарочные;Пакет подарочный матовая ламинация XL 32,4*44,5*10,2 Маки 190 г;69.9;178
С-4641;02. Праздник / Свечи для торта;Свеча для торта Золотая Цифра 1;22.0;340
ППК-4010;01. Упаковка / Пакеты подарочные;Пакет подарочный под бутылку 12х36х8,5 см (Bottle) Бордовый бархат, 210г;71.0;220
С-2972;02. Праздник / Свечи для торта;Свечи для торта высокие черные, 8 шт.;47.0;366
ТМ-3353;03. Праздник / Сервировка стола;Стаканы бумажные Единорог, 250 мл, 6 шт.;44.0;321
ДК-1360;03. Праздник / Декор;Дудки праздничные разноцветные, 6 шт.;64.0;343
ППК-2682;01. Упаковка / Пакеты подарочные;Пакет подарочный мат.лам. 32,4х44,5х10,2 см (XL) Акварельные цветы, 190г;77.7;918
С-5267;02. Праздник / Свечи для торта;Свеча для торта Розовая с блестками Цифра 3;26.0;254
С-5423;02. Праздник / Свечи для торта;Свеча для торта Голубая с блестками Цифра 3;26.0;163
НУ-10006;04. Новый год / Гирлянды;MiLED Гирлянда-проволока 10 м, 100 ламп, 8 режимов, холодный белый свет, от сети;375.0;312
ВУР-52315;01. Упаковка / Пакеты полиэтиленовые;Пакет полиэтиленовый вырубной Путешественник 31х40 см / 60 мкм;17.6;1936
ППК-2020;01. Упаковка / Пакеты подарочные;Пакет подарочный мат.лам. 32,4х44,5х10,2 см (XL) Маки, 190г;69.9;178
ЗСС-0226;05. Открытки / Конверты для денег;Конверт для денег «На счастье» крафт;16.0;317
КОР-8853;01. Упаковка / Коробки;Набор коробок 7 в 1 круглые с тиснением Цветы акварель;610;429
ЗСС-0123;05. Открытки / Конверты для денег;Конверт для денег «С Юбилеем» красный бархат;22.0;1012
ШВ-9466;03. Праздник / Воздушные шары;Набор шаров «Единорог» пастель, 30 см (25 шт/уп);150.0;408
ТМ-4648;03. Праздник / Сервировка стола;Трубочки бумажные разноцветные, 25 шт.;55.0;561
ЕУ-472;04. Новый год / Ёлочные украшения;Дождик серебряный 1,5 м;25.0;561
ППК-2468;01. Упаковка / Пакеты подарочные;Dream Cards Пакет подарочный глянц.лам. 11,5х14,5х6 см (S) Динозавры, 128г;30.8;1039
НУ-11282;04. Новый год / Гирлянды;MiLED Гирлянда «Снежинки» 3 м, 20 ламп, холодный белый, от сети;460.0;112
ШВ-11160;03. Праздник / Воздушные шары;Шар фольгированный Цифра 1 золото, 86 см;165.0;570
ДК-1057;03. Праздник / Декор;Колпаки бумажные Звери на шариках, 6 шт.;78.0;173
ШВ-11650;03. Праздник / Воздушные шары;Шар фольгированный Сердце красное, 46 см;48.0;1043
БУ-845;01. Упаковка / Бумага упаковочная;Бумага упаковочная С Новым годом 70х100 см, 1 лист;24.5;1707
ДК-881;03. Праздник / Декор;Топпер в торт Цифра 5 золото, 1 шт;55.0;218
ЕУ-200;04. Новый год / Ёлочные украшения;Верхушка на елку Звезда золото, 20 см;180.0;136
НБ-2369;01. Упаковка / Наполнители;Наполнитель сизаль Сизаль зеленый, 100 г;145;271
ППК-2127;01. Упаковка / Пакеты подарочные;Dream Cards Пакет подарочный глянц.лам. 18х23х10 см (M) Яркий леопард, 157г;48.5;778
ЕУ-166;04. Новый год / Ёлочные украшения;Набор шаров елочных 6 см, 24 шт., ассорти серебро;380.0;124
ШВ-14119;03. Праздник / Воздушные шары;Грузик для шаров звезда серебро, 1 шт;35.0;1047
ОТ-1152;05. Открытки / Поздравительные;Открытка «С Днем Свадьбы» кольца, А5;40.0;851
ДК-1146;03. Праздник / Декор;Колпаки бумажные Динозавры, 6 шт.;78.0;86
ТМ-4658;03. Праздник / Сервировка стола;Вилки пластиковые прозрачные, 12 шт.;28.0;311
ВУР-52903;01. Упаковка / Пакеты полиэтиленовые;Пакет полиэтиленовый петлевой Мирель 28х34 см / 60 мкм;16.1;480
ППК-2325;01. Упаковка / Пакеты подарочные;Пакет подарочный мат.лам. 22х31х10 см (ML) Розовые пионы, 190г;54.4;1149
ШВ-10794;03. Праздник / Воздушные шары;Шары латексные хром серебро, 30 см (50 шт/уп);410.0;816
ТМ-2824;03. Праздник / Сервировка стола;Бумажные тарелки Розовое золото, 18 см, 6 шт.;52.0;686
ЛН-359;01. Упаковка / Ленты и банты;Лента атласная белая 1 см х 50 м;31.3;2597
С-3318;02. Праздник / Свечи для торта;Свеча для торта Серебряная Цифра 7;22.0;362
КОР-10455;01. Упаковка / Коробки;Набор коробок 2 в 1 под торт с тиснением Белая с окном 26 см;260;687
ТМ-3975;03. Праздник / Сервировка стола;Салфетки бумажные Динозавры, 33х33 см, 20 шт.;60.0;713
ОТ-1029;05. Открытки / Поздравительные;Открытка «С Днем Рождения» торт, А5;35.0;1421
НУ-10414;04. Новый год / Гирлянды;MiLED Гирлянда-сетка 2х1,5 м, 160 ламп, мульти свет;980.0;367
НУ-9743;04. Новый год / Гирлянды;MiLED Гирлянда метражная 10 м, 100 ламп, теплый белый свет, 8 режимов;390.0;125
ППК-2596;01. Упаковка / Пакеты подарочные;Dream Cards Пакет подарочный мат.лам. 32,4х44,5х10,2 см (XL) Совушки, 190г;67.0;145
ШВ-14491;03. Праздник / Воздушные шары;Сетка для сброса шаров, 100 шт;980.0;521
ППК-2531;01. Упаковка / Пакеты подарочные;Optima Пакет подарочный мат.лам., фольга 18х23х10 см (M) Золотые полосы, 190г;48.4;141
КОР-10338;01. Упаковка / Коробки;Набор коробок 5 в 1 квадратные с тиснением Синие волны;530;405
ЛН-410;01. Упаковка / Ленты и банты;Лента полипропиленовая серебро 0,5 см х 250 м;18.5;1366
НУ-10063;04. Новый год / Гирлянды;MiLED Гирлянда с насадками «Метеоритный дождь» 8 шт., 30 см, мульти свет, 220В, 3 м;1250.0;233
ОТ-1061;05. Открытки / Поздравительные;Открытка «Любимой бабушке» цветы, А5;35.0;131
ЗСС-0195;05. Открытки / Конверты для денег;Конверт для денег «С Новым годом» елка;18.0;1124
НБ-2233;01. Упаковка / Наполнители;Наполнитель бумажный Белый, 100 г, ширина 2 мм;92;74
КОР-9239;01. Упаковка / Коробки;Набор коробок 3 в 1 сердце с тиснением Розовые пионы;420;597
ОТ-1233;05. Открытки / Поздравительные;Открытка-конверт «С Днем Рождения» шары, А6;30.0;1424
ВУР-57261;01. Упаковка / Пакеты полиэтиленовые;Пакет полиэтиленовый вырубной Радуга 25х35 см / 45 мкм;10.7;4350
ЛН-423;01. Упаковка / Ленты и банты;Лента полипропиленовая красная 0,5 см х 250 м;66.0;1072
ДК-951;03. Праздник / Декор;Топперы для капкейков Единорог, 12 шт.;95.0;484
ППК-2252;01. Упаковка / Пакеты подарочные;Пакет подарочный глянц.лам. 32,4х44,5х10,2 см (XL) Синие волны, 157г;74.5;1409
КОР-7749;01. Упаковка / Коробки;Набор коробок 11 в 1 квадратные с тиснением Лесные зверьки;680;240
ЛН-470;01. Упаковка / Ленты и банты;Бант подарочный красный 15 см;59.9;458
ДК-1467;03. Праздник / Декор;Конфетти фольгированное золото, 15 г;35.0;317
БУ-813;01. Упаковка / Бумага упаковочная;Бумага упаковочная Крафт без рисунка 70х100 см, 1 лист;36.9;1804
ВУР-57522;01. Упаковка / Пакеты полиэтиленовые;Пакет полиэтиленовый вырубной Мрамор 38х45 см / 60 мкм;4.8;4160
ТМ-4102;03. Праздник / Сервировка стола;Салфетки бумажные С Новым годом, 33х33 см, 20 шт.;62.0;196
ЕУ-138;04. Новый год / Ёлочные украшения;Набор шаров елочных 6 см, 12 шт., красный глянец;210.0;475
БУ-940;01. Упаковка / Бумага упаковочная;Бумага упаковочная Тропики 70х100 см, 1 лист;32.5;16
С-4244;02. Праздник / Свечи для торта;Свеча для торта Золотая Цифра 5;22.0;183
ППК-2436;01. Упаковка / Пакеты подарочные;Dream Cards Пакет подарочный глянц.лам., глиттер 22х31х10 см (ML) Единорог, 157г;53.4;601
ЕУ-440;04. Новый год / Ёлочные украшения;Снежинки елочные пластиковые серебро, 12 шт.;110.0;516
ОТ-1160;05. Открытки / Поздравительные;Открытка «С рождением малыша» голубая, А5;35.0;423
С-1934;02. Праздник / Свечи для торта;Свечи для торта на пиках Футбол, 5 шт.;38.0;854
ВУР-53934;01. Упаковка / Пакеты полиэтиленовые;Пакет полиэтиленовый вырубной Неон 38х45 см / 60 мкм;9.9;4552
С-3961;02. Праздник / Свечи для торта;Свеча для торта с серебряной окантовкой (глиттер) Цифра 5;26.0;158
ДК-541;03. Праздник / Декор;Гирлянда бумажная «С Днем Рождения» разноцветная, 2 м;120.0;215
НУ-11392;04. Новый год / Гирлянды;MiLED Гирлянда «Звездочки» 4 м, 40 ламп, теплый белый, от USB;350.0;356
ППК-4022;01. Упаковка / Пакеты подарочные;Пакет подарочный под бутылку 12х36х8,5 см (Bottle) С Новым годом!, 190г;66.5;0
ЛН-388;01. Упаковка / Ленты и банты;Лента репсовая синяя 2,5 см х 25 м;22.4;1734
ШВ-9140;03. Праздник / Воздушные шары;Набор шаров рис. 1ст. 2цв. «Лучший из лучших» сине-черный, 30 см, 5 диз. (25 шт/уп);145.0;783
С-2143;02. Праздник / Свечи для торта;Свечи для торта на длинных пиках Золотые звезды, 4 шт.;41.5;596
БУ-1047;01. Упаковка / Бумага упаковочная;Бумага упаковочная Космос 70х100 см, 1 лист;26.2;1822
ППК-2290;01. Упаковка / Пакеты подарочные;Dream Cards Пакет подарочный глянц.лам. 18х23х10 см (M) Синие волны, 157г;46.5;646
ППК-2654;01. Упаковка / Пакеты подарочные;Пакет подарочный глянц.лам. 32,4х44,5х10,2 см (XL) Гоночная машина, 128г;67.5;110
С-2726;02. Праздник / Свечи для торта;Свечи для торта на пиках Единорог, 5 шт.;39.5;315
ЗСС-0298;05. Открытки / Конверты для денег;Конверт для денег без надписи золотые точки;16.0;566
КОР-8692;01. Упаковка / Коробки;Набор коробок 3 в 1 квадратные с тиснением Золотые звезды;390;608
КОР-8005;01. Упаковка / Коробки;Набор коробок 5 в 1 круглые с тиснением Розовый мрамор;540;122
ОТ-1239;05. Открытки / Поздравительные;Открытка музыкальная «С Днем Рождения», А5;120.0;1179
ДК-1376;03. Праздник / Декор;Свистки-язычки, 6 шт.;48.0;240
ДК-1276;03. Праздник / Декор;Хлопушка конфетти разноцветная, 20 см;85.0;648
БУ-987;01. Упаковка / Бумага упаковочная;Бумага упаковочная Газета 70х100 см, 1 лист;35.1;613
ТМ-2626;03. Праздник / Сервировка стола;Бумажные тарелки Золотая полоса, 23 см, 6 шт.;58.0;759
НУ-10971;04. Новый год / Гирлянды;MiLED Гирлянда «Шарики» 5 м, 40 ламп, мульти свет, от сети;520.0;384
ППК-2693;01. Упаковка / Пакеты подарочные;Optima Пакет подарочный мат.лам. 11,5х14,5х6 см (S) Акварельные цветы, 190г;30.5;1127
ЛН-380;01. Упаковка / Ленты и банты;Лента органза розовая 2,5 см х 25 м;55.4;1028
ВУР-55698;01. Упаковка / Пакеты полиэтиленовые;Пакет полиэтиленовый вырубной Джинс 40х50 см / 80 мкм;14.3;499
ДК-683;03. Праздник / Декор;Гирлянда бумажная кисточки золото, 2 м;160.0;670
ЕУ-343;04. Новый год / Ёлочные украшения;Бусы на елку серебро, 2,7 м;70.0;324
С-3099;02. Праздник / Свечи для торта;Свечи для торта Радуга на подставках, 24 шт.;52.0;698
НБ-2293;01. Упаковка / Наполнители;Наполнитель бумажный Красный, 100 г, ширина 2 мм;96;75
ЕУ-303;04. Новый год / Ёлочные украшения;Мишура красная 2 м;45.0;543
КОР-9789;01. Упаковка / Коробки;Коробка под кружку Крафт;95;267
ППК-3995;01. Упаковка / Пакеты подарочные;Dream Cards Пакет подар. из крафт-бумаги с тисн. фольгой 12х36х8,5 см (craft Bottle) Классика, 190г;64.2;410
РУН-13260;03. Праздник / Воздушные шары;Насос двойного действия для шаров, синий;145.0;889
ЕУ-256;04. Новый год / Ёлочные украшения;Мишура золотая 2 м;45.0;475
НБ-2180;01. Упаковка / Наполнители;Наполнитель бумажный Крафт, 100 г, ширина 2 мм;92;323
ВУР-54711;01. Упаковка / Пакеты полиэтиленовые;Пакет полиэтиленовый майка Спасибо за покупку 28х50 см / 15 мкм;14.1;1268
ППК-2190;01. Упаковка / Пакеты подарочные;Dream Cards Пакет подарочный глянц.лам. 22х31х10 см (ML) Нежная Флора, 128г;54.3;1442
КОР-8762;01. Упаковка / Коробки;Набор коробок 5 в 1 прямоугольные с тиснением Новогодняя ночь;560;634
НБ-2238;01. Упаковка / Наполнители;Наполнитель бумажный Розовый, 100 г, ширина 2 мм;96;469
ОТ-1043;05. Открытки / Поздравительные;Открытка «С Юбилеем» золотые цифры, А5;38.0;1446
ППК-2297;01. Упаковка / Пакеты подарочные;Пакет подарочный мат.лам. 11,5х14,5х6 см (S) Розовые пионы, 190г;26.2;1022
ППК-2477;01. Упаковка / Пакеты подарочные;Dream Cards Пакет подарочный глянц.лам. 32,4х44,5х10,2 см (XL) Динозавры, 128г;79.9;765
КОР-10153;01. Упаковка / Коробки;Набор коробок 4 в 1 прямоугольные с тиснением Динозавры;410;244
С-2445;02. Праздник / Свечи для торта;Свечи для торта на подставках «Веселый праздник», 6 шт., золотистые;44.0;151
ППК-2399;01. Упаковка / Пакеты подарочные;Пакет подарочный мат.лам., фольга 11,5х14,5х6 см (S) Космос, 210г;28.4;864
ТМ-3659;03. Праздник / Сервировка стола;Стаканы бумажные Крафт без рисунка, 250 мл, 10 шт.;39.0;519
ППК-2152;01. Упаковка / Пакеты подарочные;Optima Пакет подарочный глянц.лам. 32,4х44,5х10,2 см (XL) Нежная Флора, 128г;75.7;161
РУН-13119;03. Праздник / Воздушные шары;Ручной насос для воздушных шариков, красный;89.0;78
ППК-2564;01. Упаковка / Пакеты подарочные;Dream Cards Пакет подарочный глянц.лам. 22х31х10 см (ML) Тропики, 157г;49.7;1104
НБ-2282;01. Упаковка / Наполнители;Наполнитель бумажный Золотой, 100 г, ширина 2 мм;110;576
ОТ-1092;05. Открытки / Поздравительные;Открытка «С Новым годом» снегири, А5;35.0;834
БУ-884;01. Упаковка / Бумага упаковочная;Бумага упаковочная Розовые сердца 70х100 см, 1 лист;33.3;1252
ДК-1523;03. Праздник / Декор;Растяжка «Happy Birthday» золото, 1,5 м;110.0;25
ЗСС-0104;05. Открытки / Конверты для денег;Конверт для денег «С Днем Рождения» золотые шары;18.0;1843
НУ-10854;04. Новый год / Гирлянды;MiLED Гирлянда-проволока 5 м, 50 ламп, теплый белый, на батарейках;210.0;124
ШВ-12089;03. Праздник / Воздушные шары;Шар фольгированный Звезда золото, 46 см;48.0;1098
КОР-9578;01. Упаковка / Коробки;Набор коробок 10 в 1 прямоугольные с тиснением Черный с золотом;690;535
ЛН-438;01. Упаковка / Ленты и банты;Бант подарочный золотой 10 см;74.3;2259
ТМ-2999;03. Праздник / Сервировка стола;Салфетки бумажные 33х33 Единорог 20шт;60.0;334
НБ-2332;01. Упаковка / Наполнители;Наполнитель сизаль Сизаль натуральный, 100 г;140;218
ППК-2365;01. Упаковка / Пакеты подарочные;Dream Cards Пакет подарочный мат.лам., фольга 18х23х10 см (M) Космос, 210г;42.0;1043
КОР-7354;01. Упаковка / Коробки;Набор коробок 10 в 1 прямоугольные с тиснением Зеленые листья;620;69
ШВ-12606;03. Праздник / Воздушные шары;Шар фольгированный «С Днем Рождения» круг, 46 см;55.0;534
ВУР-52585;01. Упаковка / Пакеты полиэтиленовые;Пакет полиэтиленовый вырубной Прада 41Х51 см / 80 мкм;9.7;3943
ШВ-9967;03. Праздник / Воздушные шары;Набор шаров «Динозавры» зеленый, 30 см (25 шт/уп);150.0;716
ДК-1500;03. Праздник / Декор;Фотобутафория на палочках «День Рождения», 10 шт.;140.0;203
ППК-2579;01. Упаковка / Пакеты подарочные;Пакет подарочный глянц.лам. 32,4х44,5х10,2 см (XL) Тропики, 157г;77.4;924
ЕУ-146;04. Новый год / Ёлочные украшения;Набор шаров елочных 8 см, 6 шт., золото матовое;240.0;570
НУ-10295;04. Новый год / Гирлянды;MiLED Гирлянда-занавес 3х2 м, 200 ламп, теплый белый, от сети;1450.0;322
ТМ-4219;03. Праздник / Сервировка стола;Скатерть полиэтиленовая Единорог, 130х180 см;95.0;680
ДК-601;03. Праздник / Декор;Гирлянда бумажная флажки Единорог, 2,5 м;135.0;593
С-4212;02. Праздник / Свечи для торта;Свеча для торта Золотой глиттер с окантовкой Цифра 8;26.0;422
ППК-2207;01. Упаковка / Пакеты подарочные;Optima Пакет подарочный мат.лам., глиттер 32,4х44,5х10,2 см (XL) Котик и торт, 210г;78.4;569
ТМ-3532;03. Праздник / Сервировка стола;Стаканы бумажные Динозавры, 250 мл, 6 шт.;44.0;868
ДК-1187;03. Праздник / Декор;Хлопушка конфетти золото, 30 см;125.0;527
ВУР-52200;01. Упаковка / Пакеты полиэтиленовые;Пакет полиэтиленовый вырубной Комплимент 38х45х3 см / 50 мкм;4.7;4428
ШВ-12818;03. Праздник / Воздушные шары;Гирлянда из шаров «Радуга» набор для сборки, 100 шт;590.0;1189
ВУР-56563;01. Упаковка / Пакеты полиэтиленовые;Пакет полиэтиленовый петлевой Золотые ромбы 45х60 см / 100 мкм;8.4;410
ЕУ-396;04. Новый год / Ёлочные украшения;Фигурка елочная Олень, дерево, 10 см;95.0;453
С-4871;02. Праздник / Свечи для торта;Свеча для торта Серебряная Цифра 1;22.0;685
НУ-10949;04. Новый год / Гирлянды;MiLED Гирлянда «Бахрома» 3х0,6 м, 120 ламп, холодный белый, уличная;1100.0;335
НУ-10630;04. Новый год / Гирлянды;MiLED Гирлянда метражная 5 м, 50 ламп, мульти свет, на батарейках;240.0;253
С-1896;02. Праздник / Свечи для торта;Свечи для торта на пиках «Ананасы», 5 шт.;38.0;558
ОТ-1118;05. Открытки / Поздравительные;Открытка «С 8 Марта» мимоза, А5;35.0;1111
ППК-2239;01. Упаковка / Пакеты подарочные;Optima Пакет подарочный мат.лам., глиттер 11,5х14,5х6 см (S) Котик и торт, 210г;25.5;1437
ЗСС-0267;05. Открытки / Конверты для денег;Конверт для денег «С 23 Февраля» синий;18.0;1375
ШВ-10567;03. Праздник / Воздушные шары;Шары латексные металлик золото, 30 см (100 шт/уп);360.0;48
БУ-822;01. Упаковка / Бумага упаковочная;Бумага упаковочная Звезды на синем 70х100 см, 1 лист;36.1;756
ЗСС-0290;05. Открытки / Конверты для денег;Конверт для денег «Любимому папе» галстук;18.0;2212
ШВ-14267;03. Праздник / Воздушные шары;Клей-точки для шаров Glue Dots, 100 шт;95.0;788
КОР-9943;01. Упаковка / Коробки;Коробка под бокал Белая с окном;120;685
ДК-790;03. Праздник / Декор;Топпер в торт «С Днем Рождения» золото, 1 шт;65.0;452
ТМ-3748;03. Праздник / Сервировка стола;Салфетки бумажные Звери на шариках, 33х33 см, 20 шт.;58.0;682
ЗСС-0071;05. Открытки / Конверты для денег;Конверт для денег «Поздравляю. Полет в ночи», 6+0 (золото/серебро);18.0;651
ЗСС-0143;05. Открытки / Конверты для денег;Конверт для денег «На свадьбу» белый с тиснением;22.0;2135
ТМ-3573;03. Праздник / Сервировка стола;Стаканы бумажные Золотая полоса, 250 мл, 6 шт.;48.0;737
ШВ-9209;03. Праздник / Воздушные шары;Набор шаров «С Днем Рождения» разноцветный, 30 см (25 шт/уп);140.0;963
С-4102;02. Праздник / Свечи для торта;Свеча для торта Шебби шик, серебряная Цифра 8;27.5;166
ЗСС-0177;05. Открытки / Конверты для денег;Конверт для денег «Любимой маме» цветы;18.0;2567
ЛН-311;01. Упаковка / Ленты и банты;Лента атласная красная 2,5 см х 25 м;74.4;636
С-2685;02. Праздник / Свечи для торта;Свечи для торта витые разноцветные, 12 шт.;29.0;130
ППК-2060;01. Упаковка / Пакеты подарочные;Dream Cards Пакет подарочный мат.лам. 11,5х14,5х6 см (S) Маки, 190г;27.5;1149
ШВ-13643;03. Праздник / Воздушные шары;Лента для шаров полипропиленовая 5 мм х 500 м, ассорти;120.0;642
С-3624;02. Праздник / Свечи для торта;Свеча для торта с красной окантовкой с блестками Цифра 7;26.0;416
